{
    "camera": {
        "control_polygon": [
            [1, 3, 8]
        ],
        "center": [1, 1, 0],
        "up": [0, 1, 0],
        "fovy": 45,
        "width": 500,
        "height": 500,
        "duration": 0
    },
    "lights": [
        { "position": [0, 50, 0], "color": [0.35, 0.35, 0.35] },
        { "position": [50, 50, 50], "color": [0.35, 0.35, 0.35] },
        { "position": [-50, 50, 50], "color": [0.35, 0.35, 0.35] }
    ],
    "scene": {
        "background": [0, 0, 0],
        "ambience": [0.2, 0.2, 0.2],
        "max_depth": 5,
        "max_ray_steps": 500,
        "monte_carlo_iter": 100,
        "light_radius": 5,
        "min_distance": 0.0001,
        "max_distance": 100,
        "normal_distance": 0.0001,
        "shadow_margin": 0.01
    },
    "objects": [
        { 
            "id": 1, "center": [0, 1, 0], "radius": 1,
            "material": {
                "ambient": [1, 0, 0],
                "diffuse": [1, 0, 0],
                "specular": [1, 1, 1],
                "shininess": 100,
                "mirror": 0.4,
                "transparent": false,
                "ior": 1.5
            }
        },
        { 
            "id": 1, "center": [-1, 0.5, 2], "radius": 0.5,
            "material": {
                "ambient": [0, 1, 0],
                "diffuse": [0, 1, 0],
                "specular": [1, 1, 1],
                "shininess": 200,
                "mirror": 0.2,
                "transparent": false,
                "ior": 1.5
            }
        },
        { 
            "id": 1, "center": [3, 2, 1.5], "radius": 2,
            "material": {
                "ambient": [0, 0, 1],
                "diffuse": [0, 0, 1],
                "specular": [1, 1, 1],
                "shininess": 50,
                "mirror": 0.2,
                "transparent": false,
                "ior": 1.5
            }
        },
        {
            "id": 0, "distance": 0, "normal": [0, 1, 0],
            "material": {
                "ambient": [0.2, 0.2, 0.2],
                "diffuse": [0.2, 0.2, 0.2],
                "specular": [0, 0, 0],
                "shininess": 100,
                "mirror": 0.1,
                "transparent": false,
                "ior": 1.5
            }
        }
    ],
    "out": "out/3spheres"
}
