{
    "camera": {
        "control_polygon": [
            [2.8, 2.5, 2]
        ],
        "center": [0, 0, 0],
        "up": [0, 1, 0],
        "fovy": 45,
        "width": 500,
        "height": 500,
        "duration": 0
    },
    "lights": [
        { "position": [5, 5, 0], "color": [0.55, 0.55, 0.55] },
        { "position": [0, 5, 5], "color": [0.55, 0.55, 0.55] }
    ],
    "scene": {
        "background": [0, 0, 0],
        "ambience": [0.2, 0.2, 0.2],
        "max_depth": 5,
        "max_ray_steps": 500,
        "monte_carlo_iter": 100,
        "light_radius": 0.5,
        "min_distance": 0.0001,
        "max_distance": 20,
        "normal_distance": 0.0001,
        "shadow_margin": 0.01
    },
    "objects": [
        {
            "id": 3,
            "size": 1,
            "iter": 3,
            "material": {
                "ambient": [0, 0, 0],
                "diffuse": [0, 0, 0],
                "specular": [0, 0, 0],
                "shininess": 0,
                "mirror": 1,
                "transparent": true,
                "ior": 1.2
            }
        },
        {
            "id": 0, "distance": -2, "normal": [0, 1, 0],
            "material": {
                "ambient": [0.8, 0.8, 0.8],
                "diffuse": [0.8, 0.8, 0.8],
                "specular": [0, 0, 0],
                "shininess": 100,
                "mirror": 0,
                "transparent": false,
                "ior": 1.5
            }
        }
    ],
    "out": "out/glass_tetra"
}
