{
    "camera": {
        "control_polygon": [
            [1, 2, 4]
        ],
        "center": [0, 0, 0],
        "up": [0, 1, 0],
        "fovy": 45,
        "width": 500,
        "height": 500,
        "duration": 0
    },
    "lights": [],
    "scene": {
        "background": [0, 0, 0],
        "ambience": [0.2, 0.2, 0.2],
        "max_depth": 5,
        "max_ray_steps": 500,
        "monte_carlo_iter": 100,
        "light_radius": 0.5,
        "min_distance": 0.01,
        "max_distance": 50,
        "normal_distance": 0.0001,
        "shadow_margin": 0.1
    },
    "objects": [
        {
            "id": 5,
            "iter": 100,
            "bail_out": 100000,
            "min_distance": 0.01,
            "d": [-1, 0.2, 0, 0],
            "k": 0,
            "material": {
                "ambient": [0, 0, 0],
                "diffuse": [0, 0, 0],
                "specular": [0, 0, 0],
                "shininess": 0,
                "mirror": 0,
                "transparent": true,
                "ior": 1.5
            }
        },
        {
            "id": 0, "distance": -5, "normal": [0, 1, 0],
            "material": {
                "ambient": [0.8, 0, 0],
                "diffuse": [0.8, 0, 0],
                "specular": [0, 0, 0],
                "shininess": 100,
                "mirror": 0,
                "transparent": false,
                "ior": 1.5
            }
        },
        {
            "id": 0, "distance": -5, "normal": [1, 0, 0],
            "material": {
                "ambient": [0, 0.8, 0],
                "diffuse": [0, 0.8, 0],
                "specular": [0, 0, 0],
                "shininess": 100,
                "mirror": 0,
                "transparent": false,
                "ior": 1.5
            }
        },
        {
            "id": 0, "distance": -5, "normal": [0, 0, 1],
            "material": {
                "ambient": [0, 0, 0.8],
                "diffuse": [0, 0, 0.8],
                "specular": [0, 0, 0],
                "shininess": 100,
                "mirror": 0,
                "transparent": false,
                "ior": 1.5
            }
        }
    ],
    "out": "out/glass_julia"
}
