{
    "camera": {
        "control_polygon": [
            [1, 3, 8]
        ],
        "center": [1, 1, 0],
        "up": [0, 1, 0],
        "fovy": 45,
        "width": 500,
        "height": 500,
        "duration": 0
    },
    "lights": [
        { "position": [0, 50, 0], "color": [0.35, 0.35, 0.35] },
        { "position": [50, 50, 50], "color": [0.35, 0.35, 0.35] },
        { "position": [-50, 50, 50], "color": [0.35, 0.35, 0.35] }
    ],
    "scene": {
        "background": [0, 0, 0],
        "ambience": [0.2, 0.2, 0.2],
        "max_depth": 5,
        "max_ray_steps": 500,
        "monte_carlo_iter": 100,
        "light_radius": 5,
        "min_distance": 0.0001,
        "max_distance": 100,
        "normal_distance": 0.0001,
        "shadow_margin": 0.01
    },
    "objects": [
        { 
            "id": 1, "center": [0, 0, 0], "radius": 1.5,
            "material": {
                "ambient": [0, 0, 0],
                "diffuse": [0, 0, 0],
                "specular": [0, 0, 0],
                "shininess": 0,
                "mirror": 1,
                "transparent": true,
                "ior": 1.5
            }
        },
        {
            "id": 0, "distance": -1.5, "normal": [0, 1, 0],
            "material": {
                "ambient": [0.8, 0.8, 0.8],
                "diffuse": [0.8, 0.8, 0.8],
                "specular": [0, 0, 0],
                "shininess": 100,
                "mirror": 0,
                "transparent": false,
                "ior": 1.5
            }
        }
    ],
    "out": "out/glass_sphere"
}
